{
  "FALSE": 0.9998873112463376,
  "TRUE": 0.9998873112463376,
  "PARTIALLY TRUE": 1.0002254537256228
}